[
    {
        "id": "1",
        "employee_name": "Beppe Grillo",
        "employee_salary": "123",
        "employee_age": "123",
        "profile_image": ""
    },
    {
        "id": "60508",
        "employee_name": "hello123456",
        "employee_salary": "50000",
        "employee_age": "26",
        "profile_image": ""
    },
    {
        "id": "60544",
        "employee_name": "Donold Cerrone",
        "employee_salary": "22322",
        "employee_age": "36",
        "profile_image": ""
    },
    {
        "id": "60623",
        "employee_name": "tst2",
        "employee_salary": "35000",
        "employee_age": "27",
        "profile_image": ""
    },
    {
        "id": "60804",
        "employee_name": "test111",
        "employee_salary": "123",
        "employee_age": "23",
        "profile_image": ""
    },
    {
        "id": "60907",
        "employee_name": "gd",
        "employee_salary": "0",
        "employee_age": "0",
        "profile_image": ""
    },
    {
        "id": "60944",
        "employee_name": "ekesh",
        "employee_salary": "123",
        "employee_age": "23",
        "profile_image": ""
    },
    {
        "id": "60964",
        "employee_name": "x",
        "employee_salary": "0",
        "employee_age": "0",
        "profile_image": ""
    },
    {
        "id": "60987",
        "employee_name": "cxc",
        "employee_salary": "0",
        "employee_age": "0",
        "profile_image": ""
    },
    {
        "id": "61020",
        "employee_name": "t",
        "employee_salary": "0",
        "employee_age": "0",
        "profile_image": ""
    },
    {
        "id": "61038",
        "employee_name": "ok",
        "employee_salary": "0",
        "employee_age": "0",
        "profile_image": ""
    },
    {
        "id": "61043",
        "employee_name": "ok-p",
        "employee_salary": "0",
        "employee_age": "0",
        "profile_image": ""
    },
    {
        "id": "61050",
        "employee_name": "ok-pyhkkjk",
        "employee_salary": "0",
        "employee_age": "0",
        "profile_image": ""
    },
    {
        "id": "61061",
        "employee_name": "asdasd123123123123123",
        "employee_salary": "0",
        "employee_age": "0",
        "profile_image": ""
    },
    {
        "id": "61144",
        "employee_name": "-pl",
        "employee_salary": "0",
        "employee_age": "0",
        "profile_image": ""
    },
    {
        "id": "61163",
        "employee_name": "9o",
        "employee_salary": "0",
        "employee_age": "0",
        "profile_image": ""
    },
    {
        "id": "61209",
        "employee_name": "342Test",
        "employee_salary": "25000",
        "employee_age": "23",
        "profile_image": ""
    }
]